[
  {
    "title": "FLOTONIC",
    "type": "interactiveVideo",
    "releaseDate": "Sun Jan 03 2016 23:02:44 GMT+0000 (UTC)"
  },
  {
    "title": "MARTGO",
    "type": "video",
    "releaseDate": "Sat Dec 30 1972 16:24:47 GMT+0000 (UTC)"
  },
  {
    "title": "REVERSUS",
    "type": "interactiveVideo",
    "releaseDate": "Tue Sep 07 1976 01:20:38 GMT+0000 (UTC)"
  },
  {
    "title": "FIBEROX",
    "type": "interactiveVideo",
    "releaseDate": "Sat Apr 07 2007 13:32:33 GMT+0000 (UTC)"
  },
  {
    "title": "OCEANICA",
    "type": "audio",
    "releaseDate": "Mon Apr 26 1993 14:37:01 GMT+0000 (UTC)"
  },
  {
    "title": "NETPLODE",
    "type": "image",
    "releaseDate": "Thu Jun 18 1981 21:37:11 GMT+0000 (UTC)"
  },
  {
    "title": "MANTRO",
    "type": "video",
    "releaseDate": "Sun May 30 1982 22:34:48 GMT+0000 (UTC)"
  },
  {
    "title": "IMPERIUM",
    "type": "video",
    "releaseDate": "Sun Feb 21 1971 22:01:53 GMT+0000 (UTC)"
  },
  {
    "title": "COMSTAR",
    "type": "interactiveVideo",
    "releaseDate": "Thu Jul 09 1987 23:29:33 GMT+0000 (UTC)"
  },
  {
    "title": "FITCORE",
    "type": "image",
    "releaseDate": "Tue Mar 19 1985 04:56:15 GMT+0000 (UTC)"
  },
  {
    "title": "COGENTRY",
    "type": "audio",
    "releaseDate": "Sat Sep 17 2005 00:55:05 GMT+0000 (UTC)"
  },
  {
    "title": "MANUFACT",
    "type": "video",
    "releaseDate": "Mon Sep 23 2019 02:16:21 GMT+0000 (UTC)"
  },
  {
    "title": "KRAGGLE",
    "type": "video",
    "releaseDate": "Thu Feb 17 2011 00:23:06 GMT+0000 (UTC)"
  },
  {
    "title": "ZANILLA",
    "type": "image",
    "releaseDate": "Mon May 13 2019 12:06:07 GMT+0000 (UTC)"
  },
  {
    "title": "RETRACK",
    "type": "video",
    "releaseDate": "Fri Sep 08 2000 13:03:04 GMT+0000 (UTC)"
  },
  {
    "title": "REMOTION",
    "type": "audio",
    "releaseDate": "Sat Sep 30 2000 14:10:56 GMT+0000 (UTC)"
  },
  {
    "title": "EXIAND",
    "type": "audio",
    "releaseDate": "Fri Jan 19 2018 15:43:01 GMT+0000 (UTC)"
  },
  {
    "title": "AQUAFIRE",
    "type": "image",
    "releaseDate": "Thu Jan 17 2002 01:11:28 GMT+0000 (UTC)"
  },
  {
    "title": "PORTICO",
    "type": "interactiveVideo",
    "releaseDate": "Sun Jul 13 1980 13:22:25 GMT+0000 (UTC)"
  },
  {
    "title": "CODACT",
    "type": "image",
    "releaseDate": "Tue Jul 20 2004 09:01:51 GMT+0000 (UTC)"
  },
  {
    "title": "BULLJUICE",
    "type": "image",
    "releaseDate": "Fri Oct 11 1991 02:33:51 GMT+0000 (UTC)"
  },
  {
    "title": "MAGNEATO",
    "type": "audio",
    "releaseDate": "Mon Jul 17 1995 01:00:02 GMT+0000 (UTC)"
  },
  {
    "title": "ENERFORCE",
    "type": "document",
    "releaseDate": "Wed Jul 24 1985 09:52:19 GMT+0000 (UTC)"
  },
  {
    "title": "BALOOBA",
    "type": "document",
    "releaseDate": "Fri Jul 03 2009 06:41:21 GMT+0000 (UTC)"
  },
  {
    "title": "GEOFORM",
    "type": "document",
    "releaseDate": "Sun Jul 03 2016 04:01:49 GMT+0000 (UTC)"
  },
  {
    "title": "NIXELT",
    "type": "document",
    "releaseDate": "Mon Apr 10 1989 18:21:31 GMT+0000 (UTC)"
  },
  {
    "title": "SARASONIC",
    "type": "video",
    "releaseDate": "Thu Apr 25 2002 19:41:50 GMT+0000 (UTC)"
  },
  {
    "title": "PYRAMIA",
    "type": "image",
    "releaseDate": "Wed Jul 03 1974 04:24:00 GMT+0000 (UTC)"
  },
  {
    "title": "SULTRAX",
    "type": "image",
    "releaseDate": "Thu Jan 29 2009 12:35:14 GMT+0000 (UTC)"
  },
  {
    "title": "COGNICODE",
    "type": "video",
    "releaseDate": "Thu Jan 11 1996 16:13:04 GMT+0000 (UTC)"
  },
  {
    "title": "ZENSUS",
    "type": "interactiveVideo",
    "releaseDate": "Sun Aug 10 2014 08:36:12 GMT+0000 (UTC)"
  },
  {
    "title": "PORTICA",
    "type": "interactiveVideo",
    "releaseDate": "Mon May 16 1988 09:32:09 GMT+0000 (UTC)"
  },
  {
    "title": "NETILITY",
    "type": "video",
    "releaseDate": "Sun Jan 28 1996 11:39:08 GMT+0000 (UTC)"
  },
  {
    "title": "HOTCAKES",
    "type": "image",
    "releaseDate": "Sat Mar 18 2017 22:41:40 GMT+0000 (UTC)"
  },
  {
    "title": "ZILLACOM",
    "type": "audio",
    "releaseDate": "Wed Feb 17 2016 21:11:24 GMT+0000 (UTC)"
  },
  {
    "title": "GEEKOSIS",
    "type": "video",
    "releaseDate": "Sun Dec 17 1989 21:02:30 GMT+0000 (UTC)"
  },
  {
    "title": "ILLUMITY",
    "type": "document",
    "releaseDate": "Sat Jan 06 1973 11:18:54 GMT+0000 (UTC)"
  },
  {
    "title": "SINGAVERA",
    "type": "image",
    "releaseDate": "Mon Aug 31 1981 15:05:59 GMT+0000 (UTC)"
  },
  {
    "title": "MULTRON",
    "type": "video",
    "releaseDate": "Mon Feb 27 2017 22:37:59 GMT+0000 (UTC)"
  },
  {
    "title": "UBERLUX",
    "type": "interactiveVideo",
    "releaseDate": "Sat Aug 24 1974 01:26:29 GMT+0000 (UTC)"
  },
  {
    "title": "LYRIA",
    "type": "audio",
    "releaseDate": "Tue May 01 2007 09:17:44 GMT+0000 (UTC)"
  },
  {
    "title": "RUBADUB",
    "type": "image",
    "releaseDate": "Wed Aug 02 1989 00:02:38 GMT+0000 (UTC)"
  },
  {
    "title": "KROG",
    "type": "video",
    "releaseDate": "Thu Jan 15 2015 00:39:50 GMT+0000 (UTC)"
  },
  {
    "title": "QUINEX",
    "type": "document",
    "releaseDate": "Wed Jul 31 1996 00:53:42 GMT+0000 (UTC)"
  },
  {
    "title": "RAMJOB",
    "type": "interactiveVideo",
    "releaseDate": "Fri Oct 30 2009 22:30:18 GMT+0000 (UTC)"
  },
  {
    "title": "AQUAMATE",
    "type": "audio",
    "releaseDate": "Wed Dec 01 1999 06:53:41 GMT+0000 (UTC)"
  },
  {
    "title": "NORALI",
    "type": "audio",
    "releaseDate": "Wed Nov 14 1973 08:52:06 GMT+0000 (UTC)"
  },
  {
    "title": "GORGANIC",
    "type": "image",
    "releaseDate": "Tue Jan 06 2009 21:19:17 GMT+0000 (UTC)"
  },
  {
    "title": "ANARCO",
    "type": "interactiveVideo",
    "releaseDate": "Wed Aug 04 2010 01:41:59 GMT+0000 (UTC)"
  },
  {
    "title": "LOCAZONE",
    "type": "document",
    "releaseDate": "Sun Apr 17 2016 19:29:47 GMT+0000 (UTC)"
  },
  {
    "title": "INTERODEO",
    "type": "document",
    "releaseDate": "Sun Aug 17 1997 15:03:00 GMT+0000 (UTC)"
  },
  {
    "title": "TROPOLI",
    "type": "audio",
    "releaseDate": "Thu May 30 2013 22:06:48 GMT+0000 (UTC)"
  },
  {
    "title": "STEELTAB",
    "type": "image",
    "releaseDate": "Wed Mar 21 2001 07:46:38 GMT+0000 (UTC)"
  },
  {
    "title": "BYTREX",
    "type": "audio",
    "releaseDate": "Fri Apr 24 1998 03:35:46 GMT+0000 (UTC)"
  },
  {
    "title": "SUPREMIA",
    "type": "audio",
    "releaseDate": "Fri Dec 01 1989 02:50:52 GMT+0000 (UTC)"
  },
  {
    "title": "ACRUEX",
    "type": "video",
    "releaseDate": "Sat Feb 26 2000 23:05:07 GMT+0000 (UTC)"
  },
  {
    "title": "PERMADYNE",
    "type": "interactiveVideo",
    "releaseDate": "Thu Jan 02 2014 06:37:33 GMT+0000 (UTC)"
  },
  {
    "title": "DENTREX",
    "type": "document",
    "releaseDate": "Thu Feb 21 2013 23:47:15 GMT+0000 (UTC)"
  },
  {
    "title": "EXOTECHNO",
    "type": "interactiveVideo",
    "releaseDate": "Sun Oct 29 2006 07:54:23 GMT+0000 (UTC)"
  },
  {
    "title": "ZYTREK",
    "type": "interactiveVideo",
    "releaseDate": "Wed Mar 30 1988 12:05:59 GMT+0000 (UTC)"
  },
  {
    "title": "MOBILDATA",
    "type": "audio",
    "releaseDate": "Mon Jan 28 2008 16:06:57 GMT+0000 (UTC)"
  },
  {
    "title": "OATFARM",
    "type": "audio",
    "releaseDate": "Mon Sep 24 2012 16:39:22 GMT+0000 (UTC)"
  },
  {
    "title": "CINCYR",
    "type": "image",
    "releaseDate": "Mon Jan 15 2007 10:31:45 GMT+0000 (UTC)"
  },
  {
    "title": "ORBIXTAR",
    "type": "image",
    "releaseDate": "Tue Aug 17 1999 13:17:47 GMT+0000 (UTC)"
  },
  {
    "title": "QUONK",
    "type": "interactiveVideo",
    "releaseDate": "Wed Jan 13 1982 23:34:07 GMT+0000 (UTC)"
  },
  {
    "title": "ZINCA",
    "type": "image",
    "releaseDate": "Tue Jul 18 1995 23:06:52 GMT+0000 (UTC)"
  },
  {
    "title": "RODEMCO",
    "type": "interactiveVideo",
    "releaseDate": "Sun May 20 2018 00:11:02 GMT+0000 (UTC)"
  },
  {
    "title": "PAPRICUT",
    "type": "interactiveVideo",
    "releaseDate": "Wed Mar 30 2005 01:28:03 GMT+0000 (UTC)"
  },
  {
    "title": "ISOLOGICS",
    "type": "audio",
    "releaseDate": "Wed Sep 11 2002 05:01:49 GMT+0000 (UTC)"
  },
  {
    "title": "KANGLE",
    "type": "audio",
    "releaseDate": "Mon Jan 16 1984 03:36:07 GMT+0000 (UTC)"
  },
  {
    "title": "INTRAWEAR",
    "type": "video",
    "releaseDate": "Wed Jun 27 1990 09:06:18 GMT+0000 (UTC)"
  },
  {
    "title": "EVENTEX",
    "type": "audio",
    "releaseDate": "Thu Jul 04 1991 03:35:34 GMT+0000 (UTC)"
  },
  {
    "title": "CHORIZON",
    "type": "audio",
    "releaseDate": "Tue Jan 09 2007 21:55:26 GMT+0000 (UTC)"
  },
  {
    "title": "KIDGREASE",
    "type": "audio",
    "releaseDate": "Mon Dec 09 2002 21:15:53 GMT+0000 (UTC)"
  },
  {
    "title": "FIREWAX",
    "type": "interactiveVideo",
    "releaseDate": "Mon Oct 15 2007 15:27:57 GMT+0000 (UTC)"
  },
  {
    "title": "TERSANKI",
    "type": "audio",
    "releaseDate": "Mon Feb 08 1993 17:56:43 GMT+0000 (UTC)"
  },
  {
    "title": "GLEAMINK",
    "type": "audio",
    "releaseDate": "Wed Feb 12 1986 22:55:48 GMT+0000 (UTC)"
  },
  {
    "title": "CENTREE",
    "type": "audio",
    "releaseDate": "Fri May 05 2017 19:01:32 GMT+0000 (UTC)"
  },
  {
    "title": "SCENTRIC",
    "type": "image",
    "releaseDate": "Mon Mar 13 2017 20:46:11 GMT+0000 (UTC)"
  },
  {
    "title": "ACCIDENCY",
    "type": "image",
    "releaseDate": "Tue Jul 27 1993 21:54:15 GMT+0000 (UTC)"
  },
  {
    "title": "MITROC",
    "type": "document",
    "releaseDate": "Mon Sep 03 1973 14:16:00 GMT+0000 (UTC)"
  },
  {
    "title": "PORTALIS",
    "type": "document",
    "releaseDate": "Mon Feb 26 1996 05:57:01 GMT+0000 (UTC)"
  },
  {
    "title": "BESTO",
    "type": "interactiveVideo",
    "releaseDate": "Sun Feb 11 2001 02:37:53 GMT+0000 (UTC)"
  },
  {
    "title": "LUXURIA",
    "type": "document",
    "releaseDate": "Sat Oct 13 1990 22:42:33 GMT+0000 (UTC)"
  },
  {
    "title": "XTH",
    "type": "document",
    "releaseDate": "Thu Mar 28 2013 00:18:52 GMT+0000 (UTC)"
  },
  {
    "title": "ORBOID",
    "type": "video",
    "releaseDate": "Wed Jun 05 1996 09:04:53 GMT+0000 (UTC)"
  },
  {
    "title": "EPLOSION",
    "type": "audio",
    "releaseDate": "Thu Sep 04 1997 21:47:54 GMT+0000 (UTC)"
  },
  {
    "title": "KINETICUT",
    "type": "document",
    "releaseDate": "Tue May 28 1991 15:59:28 GMT+0000 (UTC)"
  },
  {
    "title": "SENMEI",
    "type": "interactiveVideo",
    "releaseDate": "Tue Feb 03 2009 10:38:08 GMT+0000 (UTC)"
  },
  {
    "title": "ZILPHUR",
    "type": "interactiveVideo",
    "releaseDate": "Tue Nov 08 1977 07:11:27 GMT+0000 (UTC)"
  },
  {
    "title": "GEEKOL",
    "type": "video",
    "releaseDate": "Sun Jul 15 1973 09:29:29 GMT+0000 (UTC)"
  },
  {
    "title": "POWERNET",
    "type": "interactiveVideo",
    "releaseDate": "Mon Mar 18 2013 16:38:37 GMT+0000 (UTC)"
  },
  {
    "title": "VURBO",
    "type": "audio",
    "releaseDate": "Sat Oct 04 1980 20:36:07 GMT+0000 (UTC)"
  },
  {
    "title": "COMVEYOR",
    "type": "document",
    "releaseDate": "Fri Nov 11 1988 06:32:01 GMT+0000 (UTC)"
  },
  {
    "title": "XPLOR",
    "type": "audio",
    "releaseDate": "Tue Apr 05 2016 20:18:13 GMT+0000 (UTC)"
  },
  {
    "title": "ECOLIGHT",
    "type": "video",
    "releaseDate": "Mon Nov 14 2011 23:39:35 GMT+0000 (UTC)"
  },
  {
    "title": "JOVIOLD",
    "type": "interactiveVideo",
    "releaseDate": "Wed Mar 23 1994 10:56:49 GMT+0000 (UTC)"
  },
  {
    "title": "EDECINE",
    "type": "audio",
    "releaseDate": "Sun Sep 28 1997 01:27:43 GMT+0000 (UTC)"
  },
  {
    "title": "WARETEL",
    "type": "image",
    "releaseDate": "Sun Feb 26 1978 10:27:08 GMT+0000 (UTC)"
  }
]
